[
    {
      "id": 1,
      "name": "Obj 1",
      "description": "This is object 1"
    },
    {
      "id": 2,
      "name": "Obj 2",
      "description": "This is object 2"
    },
    {
      "id": 3,
      "name": "Obj 3",
      "description": "This is object 3"
    },
    {
      "id": 4,
      "name": "Obj 4",
      "description": "This is object 4"
    },
    {
      "id": 5,
      "name": "Obj 5",
      "description": "This is object 5"
    },
    {
      "id": 6,
      "name": "Obj 6",
      "description": "This is object 6"
    }
  ]
  